{
    "map_header_frame_id": "map", 
    "map_origin": [
        -12.199999809265137, 
        -17.0, 
        0.0, 
        0.0, 
        0.0, 
        0.0, 
        0.0
    ], 
    "map_resolution": 0.05000000074505806
}